business_id,city,location,business_type,business_description,year_started,years_operating,owner_gender,edu_level,annual_sales_fcfa,monthly_sales_fcfa,annual_costs_fcfa,monthly_profit_fcfa,electricity_problems,water_problems,telecom_problems,finance_obstacle_rating,finance_access,supplier_issues,local_sales_pct,repeat_customer_pct,starting_capital_fcfa,avg_obstacle_severity,reason_No_perceived_benefit,reason_Too_costly,reason_Too_complex,reason_Lack_of_info
CMR2006_93726,Douala,Urban,Food_Catering,Rsetauration,2001,5,Female,None,0,0,30000,-2500,No,Yes,No,4,No,No,100,60.0,,1.8,,,,
CMR2006_93727,Douala,Urban,Retail_Trade,Boisson,1972,34,Female,Primary,0,0,0,0,Yes,No,No,4,No,No,100,80.0,,3.54,No,,,
CMR2006_93728,Douala,Urban,Manufacturing,Fabrication Meuble,2003,3,Male,None,100000,8333,40000,5000,Yes,No,No,4,No,No,50,20.0,500,2.08,,,,
CMR2006_93729,Douala,Urban,Food_Catering,Coiffeur,1991,15,Male,None,30000,2500,20000,833,Yes,No,No,2,Yes,No,100,0.0,500,2.77,,,,
CMR2006_93730,Douala,Urban,Manufacturing,Fabrication Carton,1996,10,Male,None,2500000,208333,600000,158333,Yes,No,No,2,Yes,Yes,0,20.0,30000,2.31,,,,
CMR2006_93731,Douala,Urban,Retail_Trade,Alimentaire,2002,4,Male,None,2500,208,5000,-208,No,No,No,3,No,Yes,70,0.0,2000,1.23,,,,
CMR2006_93732,Douala,Urban,Food_Catering,Restauration,2001,5,Male,None,120000,10000,200000,-6667,Yes,Yes,No,4,No,Yes,90,30.0,,3.0,,,,
CMR2006_93733,Douala,Urban,Retail_Trade,Comemrce General,1996,10,Female,None,50000,4167,150000,-8333,Yes,No,No,2,Yes,Yes,65,,,2.85,,,,
CMR2006_93734,Douala,Urban,Manufacturing,Fabrication Meubles,2002,4,Male,None,12000,1000,0,1000,Yes,No,No,1,Yes,Yes,50,,,2.31,,,,
CMR2006_93735,Douala,Urban,Food_Catering,Alimentation,1999,7,Male,Primary,12000,1000,30000,-1500,Yes,Yes,No,4,No,Yes,94,80.0,,2.62,,,,
CMR2006_93736,Douala,Urban,Retail_Trade,Commerce,1997,9,Female,None,12000,1000,,,Yes,No,No,1,Yes,Yes,100,0.0,,2.0,,,,
CMR2006_93737,Douala,Urban,Retail_Trade,Alimentaire,2003,3,Male,Other,360000,30000,0,30000,Yes,No,Yes,5,No,Yes,80,45.0,,2.92,,,,
CMR2006_93738,Douala,Urban,Manufacturing,Alimentaire,1995,11,Male,None,0,0,,,Yes,Yes,No,3,No,No,80,,,1.85,,,,
CMR2006_93739,Douala,Urban,Retail_Trade,Charbon,1997,9,Female,None,24000,2000,,,Yes,No,No,2,Yes,No,94,0.0,,2.08,,,,
CMR2006_93740,Douala,Urban,Retail_Trade,Commerce,2002,4,Female,,120000,10000,,,No,No,No,4,No,Yes,85,60.0,,2.77,,,,
CMR2006_93741,Douala,Urban,Manufacturing,Habillement,2000,6,Male,None,0,0,,,Yes,No,No,3,No,No,72,0.0,,1.69,,,,
CMR2006_93742,Douala,Urban,Retail_Trade,Alimentaire,1998,8,Female,,0,0,,,No,No,No,4,No,No,100,0.0,,1.85,,,,
CMR2006_93743,Douala,Urban,Food_Catering,Pressing Depot,2002,4,Male,Other,50000,4167,600000,-45833,Yes,No,No,4,No,Yes,90,80.0,,3.17,,,,
CMR2006_93744,Douala,Urban,Manufacturing,Habillement,2002,4,Female,None,0,0,175000,-14583,Yes,No,No,4,No,Yes,100,47.0,,2.23,,,,
CMR2006_93745,Douala,Urban,Manufacturing,Fabrication Meuble,2002,4,Male,Other,60000,5000,400000,-28333,No,No,No,3,No,Yes,0,80.0,,3.17,,,,
CMR2006_93746,Douala,Urban,Food_Catering,Coiffure,2002,4,Female,Other,30000,2500,64500,-2875,Yes,No,No,3,No,Yes,96,80.0,,2.75,,,,
CMR2006_93747,Douala,Urban,Manufacturing,Habillement,2005,1,Male,Other,24000,2000,0,2000,Yes,No,No,4,No,Yes,50,75.0,150000,3.17,,,,
CMR2006_93748,Douala,Urban,Retail_Trade,Quincaillerie,,,Male,Other,0,0,100000,-8333,No,No,No,4,No,Yes,95,60.0,,3.08,,,,
CMR2006_93749,Douala,Urban,Manufacturing,Alimentaire,2003,3,Female,Primary,0,0,0,0,Yes,Yes,No,4,No,No,0,80.0,,3.38,,,,
CMR2006_93750,Douala,Urban,Food_Catering,Cordonnerie,1987,19,Female,Primary,0,0,0,0,No,No,No,5,No,No,70,100.0,,3.09,,,,
CMR2006_93751,Douala,Urban,Manufacturing,Alimentaire,2004,2,Male,Secondary,500,42,40000,-3292,Yes,No,No,4,No,No,20,30.0,,2.69,,,,
CMR2006_93752,Douala,Urban,Manufacturing,Alimentaire,2003,3,Male,Technical,0,0,0,0,Yes,Yes,No,4,No,No,100,100.0,,2.77,,,,
CMR2006_93753,Douala,Urban,Food_Catering,Coiffure Homme,2005,1,Female,None,0,0,0,0,Yes,No,No,2,Yes,No,100,10.0,,1.69,,,,
CMR2006_93754,Douala,Urban,Manufacturing,Fabrication Meubles,1997,9,Female,None,0,0,0,0,Yes,No,No,4,No,Yes,40,60.0,,2.54,,,,
CMR2006_93755,Douala,Urban,Manufacturing,Couture Homme & Femm,2001,5,Female,None,0,0,0,0,Yes,No,No,2,Yes,Yes,90,100.0,,2.15,,,,
CMR2006_93756,Douala,Urban,Retail_Trade,Vente Detail Fruits,2000,6,Female,None,0,0,0,0,No,No,No,2,Yes,No,100,0.0,,1.38,,,,
CMR2006_93757,Douala,Urban,Retail_Trade,Produits Alimentaire,1996,10,Female,None,6000,500,10000,-333,Yes,No,No,2,Yes,Yes,100,100.0,,2.38,,,,
CMR2006_93758,Douala,Urban,Manufacturing,Sculpture Sur Bois,2000,6,Female,Primary,0,0,0,0,Yes,No,No,4,No,Yes,70,80.0,,2.45,,,,
CMR2006_93759,Douala,Urban,Food_Catering,Reparation Chaussure,1990,16,Female,Primary,0,0,0,0,Yes,No,No,4,No,Yes,100,60.0,,2.23,,,,
CMR2006_93760,Douala,Urban,Manufacturing,Fabrique Objet Rotin,1998,8,Female,None,0,0,40000,-3333,No,No,No,1,Yes,No,100,80.0,,1.15,,,,
CMR2006_93761,Douala,Urban,Retail_Trade,Vente Vetements Frip,2003,3,Female,None,0,0,0,0,No,No,No,4,No,No,100,75.0,,1.9,,,,
CMR2006_93762,Douala,Urban,Manufacturing,Confection Vetements,2000,6,Female,None,30000,2500,150000,-10000,Yes,No,No,3,No,Yes,100,75.0,,1.55,,,,
CMR2006_93763,Douala,Urban,Manufacturing,Fabric Prod Laitiers,2004,2,Male,None,0,0,55000,-4583,Yes,Yes,No,4,No,No,75,70.0,,2.22,,,,
CMR2006_93764,Douala,Urban,Manufacturing,Fabric Meubles,1998,8,Female,None,0,0,0,0,Yes,No,No,4,No,Yes,100,60.0,,2.67,No,,,
CMR2006_93765,Douala,Urban,Food_Catering,Transport Moto-Taxi,2003,3,Male,None,0,0,200000,-16667,No,No,No,4,No,No,100,50.0,,2.17,,,,
CMR2006_93766,Douala,Urban,Other,Telephonie,2003,3,Male,Other,5000,417,20000,-1250,Yes,No,Yes,3,No,Yes,95,95.0,,2.67,,,,
CMR2006_93767,Douala,Urban,Retail_Trade,Alimentaire,2004,2,Male,Other,120000,10000,350000,-19167,Yes,No,No,4,No,Yes,75,75.0,,3.33,,,,
CMR2006_93768,Douala,Urban,Retail_Trade,Ventre Boisson,2001,5,Male,Other,40000,3333,1000000,-80000,No,No,No,4,No,Yes,35,85.0,20000,3.75,,,,
CMR2006_93769,Douala,Urban,Food_Catering,Serigraphie,2001,5,Male,None,0,0,50000,-4167,Yes,No,No,5,No,Yes,100,100.0,,4.09,,,,
CMR2006_93770,Douala,Urban,Food_Catering,Alimentaire,1990,16,Female,Technical,0,0,30000,-2500,No,Yes,No,2,Yes,No,100,60.0,,1.54,,,,
CMR2006_93771,Douala,Urban,Food_Catering,Habillement,2000,6,Female,Primary,0,0,0,0,Yes,No,No,4,No,Yes,80,100.0,,3.08,,,,
CMR2006_93772,Douala,Urban,Manufacturing,Fabrication Meuble,2002,4,Male,Secondary,0,0,0,0,Yes,No,No,5,No,Yes,50,50.0,,2.77,,,,
CMR2006_93773,Douala,Urban,Food_Catering,Coiffure,1999,7,Male,None,0,0,0,0,Yes,Yes,No,5,No,Yes,70,100.0,,2.77,,,,
CMR2006_93774,Douala,Urban,Retail_Trade,-88,,,Male,None,100000,8333,250000,-12500,Yes,No,Yes,5,No,Yes,85,40.0,,3.77,,,,
CMR2006_93775,Douala,Urban,Food_Catering,Vente Et Frigoriste,2000,6,Male,Secondary,36000,3000,0,3000,Yes,Yes,Yes,4,No,Yes,80,40.0,,2.42,,,,
CMR2006_93776,Douala,Urban,Food_Catering,Photocopies,2003,3,Female,None,0,0,0,0,Yes,No,No,2,Yes,No,100,30.0,,2.0,,,,
CMR2006_93777,Douala,Urban,Food_Catering,Lave Auto,2004,2,Female,None,0,0,0,0,No,No,No,1,Yes,No,100,,,1.23,,,,
CMR2006_93778,Douala,Urban,Manufacturing,Fab Beignet Et Vente,2001,5,Female,None,0,0,0,0,No,No,No,2,Yes,No,100,,,1.23,,,,
CMR2006_93779,Douala,Urban,Food_Catering,Habillement,2002,4,Male,None,10000,833,25000,-1250,Yes,No,Yes,4,No,Yes,55,15.0,,2.0,,,,
CMR2006_93780,Douala,Urban,Retail_Trade,Alimentation,1995,11,Male,None,20000,1667,100000,-6667,No,No,No,2,Yes,No,80,15.0,750,1.69,,,,
CMR2006_93781,Douala,Urban,Food_Catering,Transport,1983,23,Male,None,50000,4167,60000,-833,No,No,No,1,Yes,Yes,100,0.0,,1.23,,,,
CMR2006_93782,Douala,Urban,Food_Catering,Parfumerie,2002,4,Male,None,50000,4167,20000,2500,Yes,No,No,5,No,No,100,27.0,1000,3.15,,,,
CMR2006_93783,Douala,Urban,Retail_Trade,Vente Premier Necess,1998,8,Male,None,0,0,0,0,No,No,No,5,No,No,100,0.0,,1.85,,,,
CMR2006_93784,Douala,Urban,Food_Catering,Coiffure Homme,2000,6,Female,None,0,0,0,0,Yes,No,No,2,Yes,No,80,0.0,,2.31,,,,
CMR2006_93785,Douala,Urban,Retail_Trade,Vente Vin Et Liqueur,2003,3,Female,Secondary,110000,9167,130000,-1667,Yes,No,No,4,No,No,100,0.0,,2.46,,,,
CMR2006_93786,Douala,Urban,Services,Construction Batimen,1999,7,,Secondary,0,0,0,0,No,No,No,3,No,Yes,90,0.0,,1.46,,,,
CMR2006_93787,Douala,Urban,Food_Catering,Cabine Téléphonique,2002,4,Male,None,0,0,0,0,Yes,No,No,3,No,Yes,90,0.0,,2.0,,,,
CMR2006_93788,Douala,Urban,Manufacturing,Habillement,1995,11,Male,None,30000,2500,50000,-1667,Yes,No,No,4,No,Yes,55,60.0,,3.67,,,,
CMR2006_93789,Douala,Urban,Manufacturing,Sculpture,1988,18,Male,None,0,0,5000,-417,Yes,,No,4,No,Yes,80,0.0,,2.15,,,,
CMR2006_93790,Douala,Urban,Retail_Trade,Vente Piece Dauto,1993,13,Male,None,240000,20000,0,20000,Yes,No,No,5,No,Yes,60,50.0,,3.46,,,,
CMR2006_93791,Douala,Urban,Food_Catering,Transporteur,2004,2,Male,None,6000,500,0,500,No,No,No,1,Yes,No,100,0.0,,1.92,,,,
CMR2006_93792,Douala,Urban,Food_Catering,Mecanicien Moto,2000,6,Male,Technical,0,0,25000,-2083,No,No,No,4,No,No,100,10.0,,2.23,,,,
CMR2006_93793,Douala,Urban,Manufacturing,Fab Ouvrage Metaliqu,2004,2,Male,Primary,0,0,0,0,Yes,No,No,5,No,Yes,10,30.0,,3.15,,,,
CMR2006_93794,Douala,Urban,Manufacturing,Fabrication Marmite,1991,15,Male,Primary,240000,20000,40000,16667,Yes,Yes,No,5,No,Yes,25,10.0,,2.92,,,,
CMR2006_93795,Douala,Urban,Other,Commerce,2000,6,Female,None,24000,2000,,,No,No,No,4,No,Yes,80,0.0,,3.0,,,,
CMR2006_93796,Yaounde,Urban,Retail_Trade,Accessoire Telecomm,2003,3,Female,None,360000,30000,200000,13333,Yes,No,Yes,4,No,Yes,80,0.0,5000,2.23,,,,
CMR2006_93797,Yaounde,Urban,Retail_Trade,Petit Commerce,1998,8,Male,None,,,100000,,Yes,No,Yes,4,No,Yes,80,0.0,0,3.08,,,,
CMR2006_93798,Yaounde,Urban,Retail_Trade,Produits Vehicules,2005,1,Female,None,35000,2917,10000,2083,No,Yes,Yes,4,No,Yes,0,5.0,,2.31,No,,,
CMR2006_93799,Yaounde,Urban,Food_Catering,Restauration,2001,5,Female,None,300000,25000,100000,16667,Yes,Yes,Yes,4,No,Yes,50,60.0,2000,2.69,,,,
CMR2006_93800,Yaounde,Urban,Food_Catering,Services De Bureau,2005,1,Male,None,500000,41667,200000,25000,Yes,Yes,Yes,4,No,Yes,85,30.0,5000,3.67,,,,
CMR2006_93801,Yaounde,Urban,Food_Catering,Service Coordonnerie,1991,15,Male,University,0,0,0,0,Yes,No,No,3,No,No,65,60.0,1500,2.92,,,,
CMR2006_93802,Yaounde,Urban,Manufacturing,Meubles,1998,8,Female,Secondary,45000,3750,300000,-21250,Yes,No,No,5,No,Yes,10,50.0,5000,3.23,,,,
CMR2006_93803,Yaounde,Urban,Manufacturing,Fab Mecanique Genera,2000,6,Male,Secondary,10000,833,100000,-7500,Yes,No,No,1,Yes,Yes,10,55.0,2500,2.15,,,,
CMR2006_93804,Yaounde,Urban,Manufacturing,Alimentaire,2002,4,Female,Primary,25000,2083,20000,417,Yes,No,No,3,No,No,85,50.0,1500,2.15,,,,
CMR2006_93805,Yaounde,Urban,Retail_Trade,Commerce,2000,6,Female,Primary,0,0,0,0,No,No,No,3,No,Yes,90,40.0,,1.92,,,,
CMR2006_93806,Yaounde,Urban,Retail_Trade,Alimentaire,2002,4,Female,None,120000,10000,0,10000,Yes,No,No,3,No,Yes,99,80.0,30000,2.31,,,,
CMR2006_93807,Yaounde,Urban,Food_Catering,Reparation Electro,1997,9,Male,Primary,0,0,0,0,Yes,No,No,4,No,Yes,30,40.0,10000,3.23,Yes,,,
CMR2006_93808,Yaounde,Urban,Food_Catering,Coiffure,1992,14,Female,None,60000,5000,200000,-11667,Yes,No,No,1,Yes,No,75,,10000,2.31,,,,
CMR2006_93809,Yaounde,Urban,Manufacturing,Vetement,2001,5,Male,University,0,0,0,0,Yes,No,No,5,No,Yes,50,80.0,20000,2.62,Yes,,,
CMR2006_93810,Yaounde,Urban,Food_Catering,Prestation Services,2001,5,Female,None,0,0,100000,-8333,Yes,No,No,5,No,Yes,0,80.0,100000,3.38,No,,,
CMR2006_93811,Yaounde,Urban,Retail_Trade,Telephone Accessoirs,2003,3,Female,Technical,72000,6000,250000,-14833,Yes,No,No,1,Yes,Yes,90,60.0,10000,2.69,,,,
CMR2006_93812,Yaounde,Urban,Other,Cosmetique Vetement,2002,4,Female,Technical,,,40000,,Yes,Yes,Yes,4,No,Yes,70,0.0,10000,2.0,,,,
CMR2006_93813,Yaounde,Urban,Food_Catering,Coiffure Mixte,1987,19,Female,None,20000,1667,100000,-6667,Yes,No,No,3,No,Yes,100,50.0,,1.46,,,,
CMR2006_93814,Yaounde,Urban,Food_Catering,Service Telephonique,2000,6,Female,Technical,60000,5000,150000,-7500,Yes,No,Yes,4,No,Yes,92,50.0,2000,2.46,,,,
CMR2006_93815,Yaounde,Urban,Retail_Trade,Alimentaire,2004,2,Female,None,30000,2500,100000,-5833,Yes,No,No,4,No,Yes,100,50.0,,2.38,,,,
CMR2006_93816,Yaounde,Urban,Manufacturing,Pieces En Tole,2003,3,Female,None,200000,16667,0,16667,No,No,No,5,No,Yes,30,0.0,,2.46,,,,
CMR2006_93817,Yaounde,Urban,Manufacturing,Chaussures,2003,3,Female,Other,100000,8333,50000,4167,Yes,No,No,5,No,Yes,50,50.0,100000,2.08,,,,
CMR2006_93818,Yaounde,Urban,Food_Catering,Appels Telephoniques,2004,2,Male,Secondary,100000,8333,250000,-12500,Yes,No,Yes,5,No,Yes,100,50.0,100000,2.92,,,,
CMR2006_93819,Yaounde,Urban,Manufacturing,Meubles,1993,13,Female,None,100000,8333,500000,-33333,Yes,No,No,3,No,Yes,25,50.0,,2.23,,,,
CMR2006_93820,Bofoussam,Semi_urban,Manufacturing,Fab. De Meubles,2002,4,Male,Other,120000,10000,40000,6667,Yes,No,No,5,No,Yes,70,100.0,,3.0,,,,
CMR2006_93821,Douala,Urban,Food_Catering,Transport,2003,3,Male,Primary,36500,3042,0,3042,No,No,No,5,No,No,100,,,1.92,No,,,
CMR2006_93822,Douala,Urban,Manufacturing,Habillement,1989,17,Male,Technical,0,0,0,0,Yes,No,No,1,Yes,No,60,100.0,,2.0,No,,,
CMR2006_93823,Bofoussam,Semi_urban,Food_Catering,Agroindustrie,2002,4,Male,None,130000,10833,50000,6667,Yes,No,No,4,No,Yes,60,100.0,,2.25,No,,,
CMR2006_93824,Bofoussam,Semi_urban,Food_Catering,Photos,2002,4,Male,Primary,0,0,0,0,Yes,No,No,4,No,Yes,20,100.0,,2.15,,,,
